Ollie,Mitchell,olivermitchell48@gmail.com
Ugnius,Odenis,ugniusjuodenis@gmail.com
Sarah,Ceolin,Sarahceolin234@outlook.com
Charlotte,Clarke,Charlotteclarke168@gmail.com
Arjan,Sandhu,Sandhuarjan@hotmail.com
Timmis,Sitzer,sitzer40@gmail.com
Mary,Etchevers,mary.sharon222@gmail.com
Fabian,Brauchle,fabiandown4work@gmail.com
David,Busschers,davidbusschers@hotmail.com
Aline,Chhor,Alinee@me.com
Tim,Niethammer,23lukas05@gmx.com
Harrison,Graham,HarrisonJohnGraham@gmail.com